p-value	q-value	complex_name	source	members_input_overlap	members_input_overlap_geneids	size	effective_size
0.00641630235887	0.0834119306653	IHH N/Hhip	PID	ENSG00000164161; ENSG00000163501	3549; 64399	2	2
0.00641630235887	0.0834119306653	Nogo-potassium channel complex	CORUM	ENSG00000108797; ENSG00000111262	3736; 8506	4	2