p-value	q-value	complex_name	source	members_input_overlap	members_input_overlap_geneids	size	effective_size
0.00618026685423	0.0381116456011	ATF-2/CSX/GATA4	BioCarta	GATA4; ATF2	1386; 2626	3	2
0.00618026685423	0.0381116456011	SMAD3/SMAD4/ATF2	PID	SMAD3; ATF2	1386; 4088	3	2
0.00618026685423	0.0381116456011	HEY1/GATA4	PID	GATA4; HEY1	2626; 23462	2	2
0.00618026685423	0.0381116456011	ITGAV-ITGB6-TGFB3 complex	CORUM	TGFB3; ITGB6	3694; 7043	4	2
0.00618026685423	0.0381116456011	SMAD3-SKI-NCOR complex	CORUM	NCOR1; SMAD3	4088; 9611	3	2
0.00618026685423	0.0381116456011	SKI/SIN3a/NCoR1/TIF1B/Myb	PID	MYB; NCOR1	4602; 9611	5	2