p-value	q-value	pathway	source	external_id	members_input_overlap	members_input_overlap_geneids	size	effective_size
0.00529926905155	0.536992297454	Cellular Senescence	Reactome	R-HSA-2559583	ENSG00000078687; ENSG00000020922; ENSG00000132510; ENSG00000187837; ENSG00000114738; ENSG00000196510; ENSG00000129355; ENSG00000099991	23523; 3006; 23135; 51434; 57690; 7867; 1032; 4361	189	33
0.0072609927691	0.536992297454	Lysosomal oligosaccharide catabolism	Reactome	R-HSA-8853383	ENSG00000109323; ENSG00000140400	4123; 4126	4	2