m	runs	mean(Lm)	sd(Lm)	min(Lm)	max(Lm)	L'(m)	sdL'(m)	minL'(m)	maxL'(m)	L''(m)	sdL''(m)	minL''(m)	maxL''(m)	Deltam	mean(f)	sd(f)
0	140	208.8526	10.4998020671992	196.982	235.959	NA	NA	NA	NA	NA	NA	NA	NA	NA	NA	NA
1	20	209.0016	10.8957923960051	197.025	236.758	0.149000000000001	0.395990328805924	-0.246990328805923	0.544990328805925	0.0662000000000091	0.306497358994555	-0.240297358994546	0.372697358994564	0.006075739844702	0.999999869925286	1.54390913126874e-10
2	20	209.0844	10.9852853658165	197.049	237.199	0.0827999999999918	0.0894929698113689	-0.00669296981137713	0.172292969811361	0.530074999999982	0.00816081377456435	0.521914186225418	0.538235813774547	0.0482531843596387	1	3.73467366535822e-16
3	48	208.637125	10.9039532097796	197.049	237.199	-0.447274999999991	0.0813321560368045	-0.528607156036795	-0.365942843963186	2.68365	0.194930741937721	2.48871925806228	2.87858074193772	0.246117160296787	0.999999999999982	1.2452297845588e-13
4	12	210.8735	10.6276903118051	197.049	237.199	2.23637500000001	0.276262897974526	1.96011210202548	2.51263789797454	NA	NA	NA	NA	NA	1	0
