p-value	q-value	complex_name	source	members_input_overlap	members_input_overlap_geneids	size	effective_size
0.00125299537035	0.812761718506	Wnt:Frizzled:Arrow/LRP5/6	INOH	ENSG00000111432; ENSG00000134245; ENSG00000174804; ENSG00000188064; ENSG00000169884; ENSG00000177283; ENSG00000164930; ENSG00000114251; ENSG00000154342; ENSG00000180340; ENSG00000125084; ENSG00000163251; ENSG00000158955; ENSG00000104290; ENSG00000085741; ENSG00000111186; ENSG00000188763; ENSG00000154764; ENSG00000155760	2535; 7471; 7474; 7476; 7477; 7480; 7481; 7482; 7484; 7855; 7976; 8322; 8323; 8324; 8325; 8326; 11211; 81029; 89780	31	19