p-value	q-value	pathway	source	external_id	members_input_overlap	members_input_overlap_geneids	size	effective_size
0.00466689812497	0.738182512417	Sema4D in semaphorin signaling	Reactome	R-HSA-400685	ENSG00000101335; ENSG00000160007; ENSG00000092841; ENSG00000106683; ENSG00000196914; ENSG00000134318; ENSG00000172602; ENSG00000143878	388; 10398; 9475; 27289; 23365; 3984; 4637; 2909	24	9