p-value	q-value	pathway	source	external_id	members_input_overlap	members_input_overlap_geneids	size	effective_size
0.00110326504288	0.598899877422	Sema4D in semaphorin signaling	Reactome	R-HSA-400685	ENSG00000101335; ENSG00000160007; ENSG00000092841; ENSG00000106683; ENSG00000196914; ENSG00000134318; ENSG00000172602; ENSG00000143878	388; 10398; 9475; 27289; 23365; 3984; 4637; 2909	24	9
0.00291696074167	0.598899877422	Sema4D induced cell migration and growth-cone collapse	Reactome	R-HSA-416572	ENSG00000101335; ENSG00000092841; ENSG00000106683; ENSG00000196914; ENSG00000134318; ENSG00000172602; ENSG00000143878	9475; 27289; 388; 10398; 23365; 3984; 4637	20	8
0.00605726504687	0.598899877422	Metabolism of water-soluble vitamins and cofactors	Reactome	R-HSA-196849	ENSG00000065911; ENSG00000117394; ENSG00000122912; ENSG00000100243; ENSG00000168288; ENSG00000068120; ENSG00000172940; ENSG00000075643; ENSG00000124212; ENSG00000185339; ENSG00000108439; ENSG00000162438; ENSG00000008130; ENSG00000139428; ENSG00000103222; ENSG00000157064	23057; 10797; 65220; 27249; 11330; 1727; 6948; 326625; 55034; 9390; 8034; 4363; 6513; 5740; 80347; 55163	114	27
0.00760045612871	0.598899877422	Adherens junctions interactions	Reactome	R-HSA-418990	ENSG00000130202; ENSG00000145526; ENSG00000110400; ENSG00000113361; ENSG00000175161; ENSG00000179242	1004; 5819; 5818; 1016; 1002; 253559	31	7
0.00926489568742	0.598899877422	Deactivation of the beta-catenin transactivating complex	Reactome	R-HSA-3769402	ENSG00000134595; ENSG00000196781; ENSG00000140332; ENSG00000138795; ENSG00000124766; ENSG00000081059; ENSG00000178585	6932; 7090; 6659; 6658; 7088; 56998; 51176	30	9
0.00996174215845	0.598899877422	Downstream signaling of activated FGFR1	Reactome	R-HSA-5654687	ENSG00000166225; ENSG00000070193; ENSG00000077782; ENSG00000133703; ENSG00000125848; ENSG00000070388; ENSG00000078579; ENSG00000126500	2260; 2255; 23767; 26281; 27006; 23769; 3845; 10818	31	11