p-value	q-value	pathway	source	external_id	members_input_overlap	members_input_overlap_geneids	size	effective_size
0.00301787783277	0.88731196752	Signaling by EGFR	Reactome	R-HSA-177929	ENSG00000133703; ENSG00000148848; ENSG00000085832; ENSG00000144749; ENSG00000110395; ENSG00000103653; ENSG00000137845; ENSG00000141985	867; 1445; 102; 2060; 8038; 26018; 3845; 6455	43	8
0.00738948076558	0.88731196752	Semaphorin interactions	Reactome	R-HSA-373755	ENSG00000101335; ENSG00000075213; ENSG00000076356; ENSG00000092964; ENSG00000092841; ENSG00000221866; ENSG00000106683; ENSG00000196914; ENSG00000112902; ENSG00000138623; ENSG00000077264; ENSG00000134318; ENSG00000160007; ENSG00000114554; ENSG00000157851; ENSG00000172602; ENSG00000143878; ENSG00000172757	388; 10398; 91584; 10371; 27289; 23365; 1808; 3984; 4637; 9475; 9037; 56896; 5362; 1072; 8482; 5063; 5361; 2909	64	24