p-value	q-value	pathway	source	external_id	members_input_overlap	members_input_overlap_geneids	size	effective_size
0.00372837999101	0.998845070037	Class B/2 (Secretin family receptors)	Reactome	R-HSA-373080	ENSG00000111432; ENSG00000164930; ENSG00000132329; ENSG00000117425; ENSG00000106128; ENSG00000147571; ENSG00000188763; ENSG00000085741; ENSG00000069966; ENSG00000155760; ENSG00000134245; ENSG00000174804; ENSG00000169884; ENSG00000154342; ENSG00000180340; ENSG00000125084; ENSG00000064989; ENSG00000087494; ENSG00000160801; ENSG00000188064; ENSG00000177283; ENSG00000114251; ENSG00000163251; ENSG00000158955; ENSG00000163501; ENSG00000148926; ENSG00000104290; ENSG00000154764; ENSG00000164690	8643; 1392; 7976; 7477; 7471; 7480; 5745; 7474; 8323; 8326; 7476; 7855; 133; 5744; 6469; 8322; 10681; 89780; 2692; 11211; 10267; 2535; 8324; 7482; 10203; 8325; 7481; 7484; 3549	96	33