p-value	q-value	pathway	source	external_id	members_input_overlap	members_input_overlap_geneids	size	effective_size
0.000609185892098	0.0239684858797	Signaling by NTRK1 (TRKA)	Reactome	R-HSA-187037	KRAS; NTRK2; IRS2; SHC3	8660; 53358; 4915; 3845	76	13
0.000831905582064	0.0239684858797	Signaling by NTRKs	Reactome	R-HSA-166520	SHC3; NTRK2; IRS2; KRAS	3845; 53358; 8660; 4915	89	14
0.0010652660391	0.0239684858797	Activated NTRK2 signals through RAS	Reactome	R-HSA-9026519	NTRK2; KRAS	3845; 4915	9	2
0.0010652660391	0.0239684858797	SOS-mediated signalling	Reactome	R-HSA-112412	IRS2; KRAS	8660; 3845	7	2
0.00312784904895	0.0563012828812	Signaling by NTRK2 (TRKB)	Reactome	R-HSA-9006115	NTRK2; KRAS	4915; 3845	20	3
0.00612299982729	0.0918449974093	Signalling to RAS	Reactome	R-HSA-167044	KRAS; SHC3	53358; 3845	18	4
0.00998903722054	0.110096147023	NOTCH3 Intracellular Domain Regulates Transcription	Reactome	R-HSA-9013508	KAT2A; PBX1	2648; 5087	20	5
0.00998903722054	0.110096147023	Signalling to ERKs	Reactome	R-HSA-187687	KRAS; SHC3	53358; 3845	29	5