p-value	q-value	pathway	source	external_id	members_input_overlap	members_input_overlap_geneids	size	effective_size
0.00202419440547	0.270783731884	Metabolism of RNA	Reactome	R-HSA-8953854	EXOSC7; CCNH; DIMT1; DDX20; SEH1L; HSPB1; POLDIP3; RPL37; RPL4; LSM1; CSTF3; LSM11; TRMT6; USP39; PUF60; RPL17; RPS3A; POP7; SLU7; SNRPF; PNO1	134353; 22827; 6189; 11218; 6124; 10713; 6167; 27292; 27257; 10248; 6636; 10569; 51605; 3315; 1479; 56902; 84271; 23016; 81929; 6139; 902	586	151
0.00423099581069	0.270783731884	Cleavage of Growing Transcript in the Termination Region 	Reactome	R-HSA-109688	POLDIP3; SNRPF; SLU7; CSTF3; LSM11	6636; 10569; 134353; 84271; 1479	67	16
0.00423099581069	0.270783731884	RNA Polymerase II Transcription Termination	Reactome	R-HSA-73856	POLDIP3; SNRPF; SLU7; CSTF3; LSM11	6636; 10569; 134353; 84271; 1479	67	16
0.00633229026963	0.28608530485	Processing of Capped Intronless Pre-mRNA	Reactome	R-HSA-75067	SNRPF; CSTF3; LSM11	6636; 134353; 1479	28	6