p-value	q-value	pathway	source	external_id	members_input_overlap	members_input_overlap_geneids	size	effective_size
0.00132627390077	0.106193877854	Metabolism of RNA	Reactome	R-HSA-8953854	ENSG00000174444; ENSG00000064703; ENSG00000134480; ENSG00000085415; ENSG00000086189; ENSG00000155858; ENSG00000177600; ENSG00000139343; ENSG00000176102; ENSG00000166913; ENSG00000075914; ENSG00000115946; ENSG00000265681; ENSG00000106211; ENSG00000172336; ENSG00000145592; ENSG00000168883; ENSG00000175324; ENSG00000164609; ENSG00000145425; ENSG00000179950; ENSG00000100227; ENSG00000089195; ENSG00000162385	134353; 22827; 6189; 11218; 6124; 10713; 6167; 27292; 27257; 10248; 6636; 4116; 7529; 10569; 51605; 6181; 3315; 1479; 56902; 84271; 23016; 81929; 6139; 902	586	171
0.00133297754628	0.106193877854	Cleavage of Growing Transcript in the Termination Region 	Reactome	R-HSA-109688	ENSG00000164609; ENSG00000100227; ENSG00000155858; ENSG00000162385; ENSG00000139343; ENSG00000176102	6636; 10569; 4116; 134353; 84271; 1479	67	18
0.00133297754628	0.106193877854	RNA Polymerase II Transcription Termination	Reactome	R-HSA-73856	ENSG00000164609; ENSG00000100227; ENSG00000155858; ENSG00000162385; ENSG00000139343; ENSG00000176102	6636; 10569; 4116; 134353; 84271; 1479	67	18
0.00676059093175	0.403945308172	Processing of Capped Intronless Pre-mRNA	Reactome	R-HSA-75067	ENSG00000155858; ENSG00000139343; ENSG00000176102	6636; 134353; 1479	28	6