p-value	q-value	complex_name	source	members_input_overlap	members_input_overlap_geneids	size	effective_size
0.00541707043485	0.0618432093139	FKBP1A (FKBP12) forms a complex with SMURF1, SMAD7 and ACVR1B (ALK4)	InnateDB	ENSG00000135503; ENSG00000101665	91; 4092	4	2
0.00541707043485	0.0618432093139	HSP27/HSP27/HSP27/HSP27/HSP27/HSP27/HSP27/HSP27/Cytochrome C	BioCarta	ENSG00000106211; ENSG00000172115	3315; 54205	2	2
0.00541707043485	0.0618432093139	RGS9-1:GNB5:RGS9BP	Reactome	ENSG00000108370; ENSG00000069966	8787; 10681	3	2