p-value	q-value	pathway	source	external_id	members_input_overlap	members_input_overlap_geneids	size	effective_size
0.00212741508201	0.3603491243	Sema4D in semaphorin signaling	Reactome	R-HSA-400685	MYL6; RHOB; ARHGEF12; ARHGAP35; ROCK2	388; 9475; 23365; 4637; 2909	24	7
0.00483977285467	0.3603491243	PTK6 Regulates RHO GTPases, RAS GTPase and MAP kinases	Reactome	R-HSA-8849471	DOCK1; ARHGAP35; KRAS	3845; 1793; 2909	14	3
0.00483977285467	0.3603491243	Synthesis of Dolichyl-phosphate	Reactome	R-HSA-446199	DOLPP1; DHDDS; MVD	4597; 57171; 79947	6	3
0.00488830244779	0.3603491243	Signaling by NOTCH3	Reactome	R-HSA-9012852	ADAM10; HEY1; JAG1; KAT2A; PBX1	2648; 182; 102; 5087; 23462	44	8
0.0070584777618	0.3603491243	Semaphorin interactions	Reactome	R-HSA-373755	ARHGEF12; SEMA5A; PLXNA1; ROCK2; MYL6; ARHGAP35; RHOB	388; 23365; 4637; 9475; 9037; 5361; 2909	64	15
0.00843908735332	0.3603491243	Signaling by VEGF	Reactome	R-HSA-194138	DOCK1; PRR5; ROCK2; KRAS; MAPKAPK2; FLT1	9475; 9261; 55615; 3845; 1793; 2321	100	12
0.00916513717086	0.3603491243	Sema4D induced cell migration and growth-cone collapse	Reactome	R-HSA-416572	MYL6; RHOB; ARHGEF12; ROCK2	9475; 388; 23365; 4637	20	6