p-value	q-value	pathway	source	external_id	members_input_overlap	members_input_overlap_geneids	size	effective_size
0.00156509815007	0.445251216827	Sema4D in semaphorin signaling	Reactome	R-HSA-400685	ENSG00000101335; ENSG00000160007; ENSG00000092841; ENSG00000196914; ENSG00000134318; ENSG00000143878	388; 10398; 9475; 23365; 4637; 2909	24	9
0.00555017262504	0.445251216827	Synthesis of Dolichyl-phosphate	Reactome	R-HSA-446199	ENSG00000117682; ENSG00000167508; ENSG00000167130	4597; 57171; 79947	6	3
0.00575862907458	0.445251216827	Signaling by VEGF	Reactome	R-HSA-194138	ENSG00000114738; ENSG00000133703; ENSG00000186654; ENSG00000051523; ENSG00000134318; ENSG00000162889; ENSG00000102755	9475; 9261; 55615; 3845; 1535; 2321; 7867	100	14
0.00601982568341	0.445251216827	Signaling by EGFR	Reactome	R-HSA-177929	ENSG00000141985; ENSG00000137845; ENSG00000133703; ENSG00000148848; ENSG00000144749	102; 8038; 26018; 3845; 6455	43	8
0.00601982568341	0.445251216827	Sema4D induced cell migration and growth-cone collapse	Reactome	R-HSA-416572	ENSG00000092841; ENSG00000101335; ENSG00000196914; ENSG00000143878; ENSG00000134318	9475; 388; 10398; 23365; 4637	20	8
0.00767041532643	0.445251216827	PTEN Regulation	Reactome	R-HSA-6807070	ENSG00000124216; ENSG00000078687; ENSG00000177058; ENSG00000092847; ENSG00000111642; ENSG00000115966; ENSG00000101115; ENSG00000111676	6615; 1386; 153129; 57690; 26523; 1108; 57167; 1822	96	18