m	runs	mean(Lm)	sd(Lm)	min(Lm)	max(Lm)	L'(m)	sdL'(m)	minL'(m)	maxL'(m)	L''(m)	sdL''(m)	minL''(m)	maxL''(m)	Deltam	mean(f)	sd(f)
0	140	-166.049668	419.795529529236	-1705.44	93.1321	NA	NA	NA	NA	NA	NA	NA	NA	NA	NA	NA
1	20	77.155135	152.234596187423	-473.762	165.368	243.204803	267.560933341814	-24.3561303418138	510.765736341814	134.455998	145.06698845488	-10.6109904548798	279.52298645488	0.883215782531228	0.999938398604712	1.02347365253901e-08
2	20	185.90394	29.7406513004888	74.4718	199.228	108.748805	122.493944886934	-13.745139886934	231.242749886934	75.192845	103.392879079459	-28.2000340794594	178.585724079459	2.52828508159686	0.999988710735483	1.00458498793442e-06
3	20	219.4599	10.6395854930142	207.644	246.165	33.55596	19.1010658074746	14.4548941925254	52.6570258074746	33.47996	19.0064838952258	14.4734761047743	52.4864438952258	3.1467353706573	0.999999972875425	1.01082552935768e-08
4	20	219.5359	10.734167405263	207.669	246.669	0.0759999999999934	0.0945819122488132	-0.0185819122488198	0.170581912248807	0.0758500000000026	0.0945616600032171	-0.0187116600032144	0.17041166000322	0.0070662210804364	0.999999999922908	9.46971383699395e-11
5	20	219.53605	10.7341471530174	207.669	246.669	0.000149999999990769	2.02522455960974e-05	0.000129747754394671	0.000170252245586866	NA	NA	NA	NA	NA	0.999999999991185	2.82884296432192e-11
