p-value	q-value	pathway	source	external_id	members_input_overlap	members_input_overlap_geneids	size	effective_size
0.00866709968751	0.984451886126	Signaling by EGFR	Reactome	R-HSA-177929	ENSG00000133703; ENSG00000148848; ENSG00000085832; ENSG00000144749; ENSG00000110395; ENSG00000103653; ENSG00000137845; ENSG00000141985	867; 1445; 102; 2060; 8038; 26018; 3845; 6455	43	8