p-value	q-value	pathway	source	external_id	members_input_overlap	members_input_overlap_geneids	size	effective_size
0.00565205751521	0.360824604656	Metabolism of water-soluble vitamins and cofactors	Reactome	R-HSA-196849	ENSG00000065911; ENSG00000117394; ENSG00000100243; ENSG00000172940; ENSG00000124212; ENSG00000103222; ENSG00000157064	23057; 10797; 1727; 9390; 4363; 6513; 5740	114	27
0.00707482035571	0.360824604656	Vitamin C (ascorbate) metabolism	Reactome	R-HSA-196836	ENSG00000100243; ENSG00000117394	1727; 6513	8	2
0.00707482035571	0.360824604656	Synthesis of bile acids and bile salts via 7alpha-hydroxycholesterol	Reactome	R-HSA-193368	ENSG00000133835; ENSG00000124212	5740; 3295	24	2
0.00707482035571	0.360824604656	Activation of PPARGC1A (PGC-1alpha) by phosphorylation	Reactome	R-HSA-2151209	ENSG00000109819; ENSG00000111725	10891; 5564	10	2
0.00707482035571	0.360824604656	TWIK-related alkaline pH activated K+ channel (TALK)	Reactome	R-HSA-1299361	ENSG00000124780; ENSG00000095981	83795; 89822	2	2
0.0082065339012	0.360824604656	Influenza Infection	Reactome	R-HSA-168254	ENSG00000177700; ENSG00000125450; ENSG00000047410; ENSG00000030066; ENSG00000185467	79902; 23279; 5441; 7175; 402569	63	16
0.00975742287687	0.360824604656	Non-integrin membrane-ECM interactions	Reactome	R-HSA-3000171	ENSG00000137801; ENSG00000050555; ENSG00000091409	3655; 7057; 10319	42	6