p-value	q-value	complex_name	source	members_input_overlap	members_input_overlap_geneids	size	effective_size
0.00212163271635	0.097595104952	TRAPPCIII	Reactome	ENSG00000054116; ENSG00000256060; ENSG00000171853	10597; 27095; 51112	15	4
0.00687042027686	0.105346444245	LEF1/beta catenin/CDX1	PID	ENSG00000138795; ENSG00000113722	1044; 51176	3	2
0.00687042027686	0.105346444245	alpha6/beta1 Integrin/Thrombospondin	PID	ENSG00000137801; ENSG00000091409	3655; 7057	3	2