p-value	q-value	pathway	source	external_id	members_input_overlap	members_input_overlap_geneids	size	effective_size
0.00157969797995	0.246809584245	MASTL Facilitates Mitotic Progression	Reactome	R-HSA-2465910	ENSG00000143420; ENSG00000137713; ENSG00000120539	5519; 2029; 84930	10	4
0.00170213506376	0.246809584245	Carboxyterminal post-translational modifications of tubulin	Reactome	R-HSA-8955332	ENSG00000135049; ENSG00000131044; ENSG00000101162; ENSG00000145029	81027; 23287; 164395; 84276	38	8
0.0056174100489	0.297284366133	Apoptotic cleavage of cell adhesion  proteins	Reactome	R-HSA-351906	ENSG00000081277; ENSG00000134760	1828; 5317	11	2
0.0056174100489	0.297284366133	Signal regulatory protein family interactions	Reactome	R-HSA-391160	ENSG00000111679; ENSG00000082074	2533; 5777	13	2
0.0056174100489	0.297284366133	PD-1 signaling	Reactome	R-HSA-389948	ENSG00000111679; ENSG00000103653	5777; 1445	31	2
0.00615071102344	0.297284366133	Hemostasis	Reactome	R-HSA-109582	ENSG00000114302; ENSG00000137713; ENSG00000166479; ENSG00000105974; ENSG00000163815; ENSG00000083454; ENSG00000142192; ENSG00000141506; ENSG00000103653; ENSG00000142945; ENSG00000143768; ENSG00000114353; ENSG00000129009; ENSG00000108561; ENSG00000111679; ENSG00000116852; ENSG00000141448; ENSG00000172757	5519; 23533; 23046; 5777; 351; 54495; 708; 7123; 857; 1445; 5026; 1072; 7044; 5576; 11004; 2771; 3671; 2627	668	128