p-value	q-value	complex_name	source	members_input_overlap	members_input_overlap_geneids	size	effective_size
0.00583496242207	0.053681654283	MAPK8(JNK1) forms a complex with MAPK8IP1(JIP1) and APP	InnateDB	ENSG00000121653; ENSG00000142192	351; 9479	3	2
0.00583496242207	0.053681654283	MAP3K11(MLK3) forms a complex with MAPK8IP1(JIP1) and APP	InnateDB	ENSG00000121653; ENSG00000142192	351; 9479	3	2
0.00583496242207	0.053681654283	ProTalpha C5 complex	CORUM	ENSG00000140350; ENSG00000108561	708; 8125	5	2
0.00583496242207	0.053681654283	ACTB-ANP32A-C1QBP-PSMA1-PTMA-PSMA1 complex	CORUM	ENSG00000140350; ENSG00000108561	708; 8125	6	2
0.00583496242207	0.053681654283	FIB-associated protein complex	CORUM	ENSG00000101162; ENSG00000108561	708; 81027	6	2