p-value	q-value	pathway	source	external_id	members_input_overlap	members_input_overlap_geneids	size	effective_size
0.000364680605699	0.0566754792416	Signaling by NTRK1 (TRKA)	Reactome	R-HSA-187037	SHC3; NTRK2; IRS2; MAP2K5; MAPKAPK2; KRAS	8660; 5607; 9261; 53358; 4915; 3845	76	13
0.000593460515619	0.0566754792416	Signaling by NTRKs	Reactome	R-HSA-166520	SHC3; NTRK2; IRS2; MAP2K5; MAPKAPK2; KRAS	9261; 3845; 53358; 8660; 5607; 4915	89	14
0.00228830909894	0.145689012633	Signalling to RAS	Reactome	R-HSA-167044	KRAS; MAPKAPK2; SHC3	53358; 9261; 3845	18	4
0.00451034940816	0.153574973293	PI Metabolism	Reactome	R-HSA-1483255	PITPNB; PI4K2B; INPP5E; TNFAIP8L1; MTMR10	126282; 55300; 54893; 56623; 23760	84	14
0.0045771658178	0.153574973293	Deadenylation-dependent mRNA decay	Reactome	R-HSA-429914	CNOT3; HBS1L; DIS3; CNOT4	22894; 10767; 4850; 4849	56	9
0.00536229840783	0.153574973293	Signalling to ERKs	Reactome	R-HSA-187687	KRAS; MAPKAPK2; SHC3	9261; 53358; 3845	29	5
0.00723651706619	0.153574973293	Regulation of TP53 Activity through Acetylation	Reactome	R-HSA-6804758	BRPF1; CHD4	1108; 7862	30	2
0.00723651706619	0.153574973293	Activated NTRK2 signals through RAS	Reactome	R-HSA-9026519	NTRK2; KRAS	3845; 4915	9	2
0.00723651706619	0.153574973293	SOS-mediated signalling	Reactome	R-HSA-112412	IRS2; KRAS	8660; 3845	7	2