p-value	q-value	pathway	source	external_id	members_input_overlap	members_input_overlap_geneids	size	effective_size
0.00303953411833	0.293576039013	FGFR2b ligand binding and activation	Reactome	R-HSA-190377	ENSG00000137441; ENSG00000137440; ENSG00000070193	2255; 9982; 83888	10	4
0.00610199048755	0.293576039013	PI Metabolism	Reactome	R-HSA-1483255	ENSG00000119396; ENSG00000185361; ENSG00000038210; ENSG00000166912; ENSG00000180957; ENSG00000148384	126282; 55300; 51552; 54893; 56623; 23760	84	19
0.00804591541151	0.293576039013	Signaling by NTRK1 (TRKA)	Reactome	R-HSA-187037	ENSG00000185950; ENSG00000148082; ENSG00000148053; ENSG00000133703; ENSG00000162889; ENSG00000137764	8660; 5607; 9261; 53358; 4915; 3845	76	20
0.00876864007634	0.293576039013	Regulation of TP53 Activity through Acetylation	Reactome	R-HSA-6804758	ENSG00000156983; ENSG00000111642	1108; 7862	30	2
0.00876864007634	0.293576039013	PTK6 Regulates RHO GTPases, RAS GTPase and MAP kinases	Reactome	R-HSA-8849471	ENSG00000133703; ENSG00000160007	3845; 2909	14	2
0.00876864007634	0.293576039013	Activated NTRK2 signals through RAS	Reactome	R-HSA-9026519	ENSG00000148053; ENSG00000133703	3845; 4915	9	2
0.00876864007634	0.293576039013	SOS-mediated signalling	Reactome	R-HSA-112412	ENSG00000185950; ENSG00000133703	8660; 3845	7	2
0.00954623731815	0.293576039013	Signaling by Type 1 Insulin-like Growth Factor 1 Receptor (IGF1R)	Reactome	R-HSA-2404192	ENSG00000185950; ENSG00000077782; ENSG00000133703; ENSG00000070193; ENSG00000138615	2260; 8660; 2255; 8483; 3845	51	15