m	runs	mean(Lm)	sd(Lm)	min(Lm)	max(Lm)	L'(m)	sdL'(m)	minL'(m)	maxL'(m)	L''(m)	sdL''(m)	minL''(m)	maxL''(m)	Deltam	mean(f)	sd(f)
0	140	207.13595	4.39422616316247	199.408	213.622	NA	NA	NA	NA	NA	NA	NA	NA	NA	NA	NA
1	64	214.68821875	10.8871941397728	203.583	243.199	7.55226875	6.49296797661033	1.05930077338967	14.0452367266103	5.82566607142857	6.00637954588541	-0.180713474456835	11.832045617314	0.535093431478953	1	0
2	28	216.414821428571	10.4006057090479	203.583	243.199	1.72660267857142	0.48658843072492	1.2400142478465	2.21319110929634	1.28220089285713	0.401614833732157	0.880586059124976	1.68381572658929	0.123281367328606	1	0
3	8	219.423625	9.5124024445908	206.672	234.637	3.00880357142856	0.888203264457077	2.12060030697148	3.89700683588564	NA	NA	NA	NA	NA	1	0
