p-value	q-value	pathway	source	external_id	members_input_overlap	members_input_overlap_geneids	size	effective_size
0.00854470003738	0.98810811986	Integrin cell surface interactions	Reactome	R-HSA-216083	ENSG00000115414; ENSG00000261371; ENSG00000169031; ENSG00000084636; ENSG00000154721; ENSG00000139329; ENSG00000137801; ENSG00000187498; ENSG00000115221; ENSG00000049089; ENSG00000137809; ENSG00000142798; ENSG00000091409	7057; 4060; 22801; 3339; 1282; 3694; 1307; 3655; 1298; 58494; 1285; 2335; 5175	67	14