m	runs	mean(Lm)	sd(Lm)	min(Lm)	max(Lm)	L'(m)	sdL'(m)	minL'(m)	maxL'(m)	L''(m)	sdL''(m)	minL''(m)	maxL''(m)	Deltam	mean(f)	sd(f)
0	140	-5587.0895	3255.55670300924	-16114.8	-2930.52	NA	NA	NA	NA	NA	NA	NA	NA	NA	NA	NA
1	20	-2704.3365	1582.80973147613	-7604.01	-1396.03	2882.753	1672.74697153311	1210.00602846689	4555.49997153311	1253.50965	746.565696143257	506.943953856744	2000.07534614326	0.791952200616671	0.999992990329354	0.000000114116069397606
2	20	-1075.09315	656.628456086271	-3164	-498.022	1629.24335	926.181275389856	703.062074610144	2555.42462538986	873.9016625	619.984596754035	253.917065745965	1493.88625925404	1.33089215735296	0.999997761972668	0.000000635251565999696
3	20	-319.7514625	350.43177745045	-1078.86	46.9909	755.3416875	306.19667863582	449.14500886418	1061.53836613582	252.425065	100.056062435186	152.369002564814	352.481127435186	0.720325841556113	0.999999131898135	0.000000173010002546999
4	20	183.16516	144.291161249816	-227.709	329.262	502.9166225	206.140616200634	296.776006299366	709.057238700634	413.0591825	137.62729901969	275.43188348031	550.68648151969	2.86267834371959	0.999999800303491	0.000000107228576903293
5	20	273.0226	75.7778440688722	76.763	343.605	89.85744	68.5133171809438	21.3441228190562	158.370757180944	NA	NA	NA	NA	NA	0.999999904406019	0.0000000835547986595583
